{
  "train_loss": [
    0.13462411825145995,
    0.03470871210696974,
    0.028975057972378895,
    0.026657372928041566,
    0.025943080054795637,
    0.02541026896547659,
    0.02453189542554485,
    0.024212398139102982,
    0.024217960091066613,
    0.023876712686615065,
    0.023598594547885505,
    0.02358467996049772,
    0.023318796866390455,
    0.023195723250059277,
    0.02306956943253421,
    0.022932875628508296,
    0.022882178574634184,
    0.022661239430557804,
    0.022680368672081386,
    0.022590913866692323,
    0.022791889965758726,
    0.022393315669510878,
    0.022577561522328843,
    0.022517296958747986,
    0.022438737227431765,
    0.022287072669236557,
    0.02230075380180746,
    0.022088357094669067,
    0.022260162700799162,
    0.02236322947490927,
    0.02218392345967004,
    0.022177819357654827,
    0.022093327067341306,
    0.022072229733021233,
    0.021974504241370596,
    0.022071630577504817,
    0.022007278712044352,
    0.02186411127586325,
    0.021926083074868076,
    0.021879510664361338,
    0.02191498995416623,
    0.021697547169917796,
    0.02182089978622181
  ],
  "val_loss": [
    0.02071095268695137,
    0.016061783033561566,
    0.014248627014584033,
    0.014700062802640369,
    0.015977943945374037,
    0.015603877287011946,
    0.016339056490373018,
    0.015376989116162263,
    0.014286091578911952,
    0.013862807677493972,
    0.014069819676601706,
    0.01718894371800628,
    0.01530364819926625,
    0.013798026367235375,
    0.013937990457044499,
    0.014705335308413801,
    0.014190999803611555,
    0.014475424589142454,
    0.014212708071706426,
    0.014293679711487572,
    0.013823380436086745,
    0.013682393493729399,
    0.014748270941561566,
    0.014552099140977638,
    0.014014685423840215,
    0.013559275727980217,
    0.014117935044310257,
    0.013405869271868927,
    0.013699209167326271,
    0.013695041042189365,
    0.01383067509065055,
    0.01397375090439439,
    0.013465322791268369,
    0.01360574302403571,
    0.013745134662541032,
    0.01346374407484217,
    0.014125143106620936,
    0.013470635186643671,
    0.014256567496616029,
    0.013527493832879298,
    0.013715937471519085,
    0.01364955483547198,
    0.013411409909069236
  ]
}