{
  "train_loss": [
    1.0503373654751942,
    0.14425510527758761,
    0.08818884917545593,
    0.06464569857236983,
    0.052346087135802744,
    0.04488297950091033,
    0.04003002372538221,
    0.036925114327292334,
    0.03433243071810267,
    0.03250832097797558,
    0.03107151755228125,
    0.02998277840429339,
    0.029819497817206657,
    0.028077795309410698,
    0.02702914887032975,
    0.026308041237209034,
    0.02523685340908752,
    0.02449205225526259,
    0.023791325631840474,
    0.023572865552429496,
    0.022818124178668547,
    0.02221927789692906,
    0.021435230585007833,
    0.021799035059909027,
    0.021315006667683864,
    0.020876464337624353,
    0.020386809922069652,
    0.020374237110131775,
    0.019712164270124215,
    0.019063222982075023,
    0.018914719240675712,
    0.01867783280496282,
    0.018845092151956313,
    0.018303999398974168,
    0.01845789306807792
  ],
  "val_loss": [
    0.07645328839619954,
    0.05386126320809126,
    0.04271914980684718,
    0.04175980823735396,
    0.0370294334522138,
    0.04211797503133615,
    0.028525132918730378,
    0.02914632864606877,
    0.027678981190547347,
    0.030817223014310002,
    0.03656916134059429,
    0.029285157487417262,
    0.027296940019975107,
    0.029919972565645974,
    0.027708956661323707,
    0.025284294582282502,
    0.020421395000691216,
    0.018099118567382295,
    0.02805573190562427,
    0.03175959941775849,
    0.017974603455513716,
    0.021421360472838085,
    0.01965973382660498,
    0.01802445963645975,
    0.015322974262138208,
    0.021034870180301368,
    0.03202084587731709,
    0.01842357082447658,
    0.020208863192237914,
    0.019007403403520584,
    0.017000036391740043,
    0.016438741935417056,
    0.017467985899808507,
    0.017435854223246377,
    0.02707890758756548
  ]
}