{
  "train_loss": [
    0.4463998967160781,
    0.1529620251307885,
    0.1119711699274679,
    0.10375050076593956,
    0.09126789442573985,
    0.08804591099421183,
    0.0852921281941235,
    0.08087725552419821,
    0.08161509577184915,
    0.07937359753996134,
    0.07705001623059313,
    0.07659833181339006,
    0.07770809185070296,
    0.07401972187993427,
    0.07429533724983534,
    0.07257492925661306,
    0.07430072099280854,
    0.07399827203092475,
    0.07157456142206987,
    0.07186827859841287,
    0.07093500844202935,
    0.06986189022039374,
    0.06978023398357133,
    0.07009323948683838,
    0.07000519568100572,
    0.07027881614242991,
    0.070662828705584,
    0.06858705044724048
  ],
  "val_loss": [
    0.0648072674870491,
    0.032387780770659444,
    0.03867424428462982,
    0.028726420179009438,
    0.022473940066993235,
    0.01964590260758996,
    0.0166756188031286,
    0.017352086305618287,
    0.017257562791928648,
    0.018287653103470802,
    0.0279295202344656,
    0.016907974123023452,
    0.014130387041950599,
    0.01699975528754294,
    0.014674100908450782,
    0.0322719719260931,
    0.02840205579996109,
    0.021424378268420696,
    0.023817430064082146,
    0.016429881216026843,
    0.01647775024175644,
    0.017456112103536724,
    0.019572065211832523,
    0.01876749750226736,
    0.02062664432451129,
    0.018828248465433718,
    0.015670198338921183,
    0.01679956845473498
  ]
}