{
  "train_loss": [
    0.1476177578093484,
    0.035125612330323616,
    0.028948950510571843,
    0.02783751979711399,
    0.026334207663395708,
    0.025418514940871058,
    0.024932059599502412,
    0.02450832191326689,
    0.02416036771651956,
    0.02409546281290074,
    0.023778116869964703,
    0.023399116578262432,
    0.02341672087163066,
    0.023311092385223935,
    0.02309039438457278,
    0.02287527946942386,
    0.02291642139711517,
    0.022882421953857243,
    0.022662592521529794,
    0.022676049528776537,
    0.022685001622241022,
    0.022406248445258826,
    0.022540596218563483,
    0.022432266939514584,
    0.022584201007287318,
    0.022288758634697713,
    0.02239750154549256,
    0.022318311522498593,
    0.022284441643413238,
    0.022221265420843597,
    0.02208062113620274,
    0.022116694219740957,
    0.02211426368246196,
    0.021910093705602256,
    0.021920803728322166,
    0.022046894476235528,
    0.02182910836472729,
    0.02184517614451969,
    0.021694140315490325,
    0.021782862767889,
    0.021668057113960717,
    0.02179277393801645,
    0.021784472945832283,
    0.021723884950188222,
    0.02172196495479771,
    0.021612592603690115,
    0.021569691312730097,
    0.02163530269052509,
    0.021593337773265376,
    0.02146773167649891,
    0.02142929201691004,
    0.021465568546201602,
    0.021616797731673743,
    0.021341676559391738,
    0.02130785755271063,
    0.021342060205539123,
    0.021373791994899097,
    0.021532386811538476,
    0.02135184960643528,
    0.021284312209302568,
    0.021226146316621453,
    0.021290178750262255,
    0.02114384004941842,
    0.021139784611139995,
    0.02113781228339836,
    0.02122227769952068,
    0.02120900805769322,
    0.02116510685934502,
    0.0209980365593505,
    0.02095262659414792,
    0.021028479777409563,
    0.02101349578510313,
    0.021103369336041008,
    0.020973129597717032,
    0.02097478612992875,
    0.0208862236785665,
    0.020832076632905226,
    0.02079433260267771,
    0.020767530048864762,
    0.020742860239936687,
    0.020803461603749643,
    0.020696584803720594,
    0.020791270802666465,
    0.020713238800401865,
    0.02073948396677484,
    0.02067413674547944,
    0.020669456647088476,
    0.02074601799582264
  ],
  "val_loss": [
    0.026663463499799773,
    0.02374767411399532,
    0.01419095350335025,
    0.019238024767538584,
    0.01429783516859233,
    0.01565309430667627,
    0.016081850399967988,
    0.013879408889978722,
    0.016570216834519966,
    0.015315256129503501,
    0.014482944963182908,
    0.01515317740661369,
    0.014072255855648403,
    0.013738942604135987,
    0.014391026015210947,
    0.013897199685546896,
    0.014117033638900172,
    0.014104284237357599,
    0.014631805509821247,
    0.01368347175603786,
    0.013839021530018087,
    0.014214523101219203,
    0.015759690464963914,
    0.014814544875760574,
    0.01418668299447745,
    0.013745192917397347,
    0.014903497648373485,
    0.014089274911581212,
    0.01417422947997693,
    0.013683204637640596,
    0.013883021016620143,
    0.013863951399921585,
    0.01384367561125121,
    0.013478081953323723,
    0.013724642935345843,
    0.013841209614396133,
    0.013983833153631437,
    0.013994649024302693,
    0.01352067471037338,
    0.013490932137190955,
    0.013758111192932906,
    0.01364105407894287,
    0.013846653952330942,
    0.013739192321490673,
    0.01336010448014005,
    0.013625011365523253,
    0.013954937178798876,
    0.013492106662286804,
    0.013636355063681549,
    0.013872182475933113,
    0.013347240560125175,
    0.015284403509314403,
    0.013775318133510253,
    0.013710735425332599,
    0.013399333325700404,
    0.013590977864648291,
    0.013509802993015713,
    0.013812032755152826,
    0.013341401240698336,
    0.013573455434517519,
    0.013511622740618288,
    0.013371467963962286,
    0.01338136197326192,
    0.013728696306439029,
    0.013461067089952554,
    0.01375275031622968,
    0.013767138418483522,
    0.013552431730597557,
    0.0134032449987481,
    0.013693121392960264,
    0.013449949627740992,
    0.013414262726114798,
    0.013290469101044387,
    0.013413857979439609,
    0.013340097377344186,
    0.013512129857337789,
    0.013473754258754795,
    0.013456414637354051,
    0.013372346341064848,
    0.013449547779600834,
    0.013537431328488211,
    0.013406984087998501,
    0.01342219693941769,
    0.013436112677555758,
    0.013414959702188483,
    0.013468914490167171,
    0.01339542256504796,
    0.013388259109617778
  ]
}