{
  "train_loss": [
    0.15912476375898613,
    0.034338309057056905,
    0.029062219466348845,
    0.027116649647775506,
    0.026581345609987952,
    0.025163608939120813,
    0.025029493236797862,
    0.024506694611253415,
    0.02416406223492231,
    0.023833691369093555,
    0.023822554071791402,
    0.023716093275288584,
    0.02343585716329731,
    0.0230979199079489,
    0.02326639942766633,
    0.02315488783341217,
    0.02290349634100234,
    0.022995181066965284,
    0.022726899066765328,
    0.022786674622849595,
    0.022478971868206698,
    0.022492815605177643,
    0.02246215049599414,
    0.022553917400208384,
    0.02244515872147791,
    0.02251356543815096,
    0.022322459005226846,
    0.022175195439558593,
    0.022205349219387115,
    0.0222127074310265,
    0.022192306780769805,
    0.022010799181641363,
    0.02221794769580551,
    0.022125520030905527,
    0.022089071699675906,
    0.02194834713638037,
    0.021875862706344507,
    0.021948961183287402,
    0.021962167843646185,
    0.02194470650850105,
    0.021832422829902498,
    0.02170338553982479,
    0.021809083845801068,
    0.021713392741730786,
    0.02177983326294322,
    0.021602604834229818,
    0.021644612956151832,
    0.021465452302748288,
    0.021594917479887954,
    0.02156939870442979,
    0.02152938299280192,
    0.021519468527653123,
    0.02147417173055146,
    0.021484325505090444,
    0.02150912472955367,
    0.02144788361942379
  ],
  "val_loss": [
    0.01566930302588672,
    0.013917848381105295,
    0.015459270696344509,
    0.020571724398414027,
    0.013752356340429853,
    0.017121902289422782,
    0.014814812336054101,
    0.017050281204786653,
    0.015671918973738857,
    0.01473316052186026,
    0.0149966004734066,
    0.014708646732804089,
    0.015564350489954892,
    0.014123149449399018,
    0.013965615560615284,
    0.015557200627439228,
    0.013744823134549881,
    0.014536861644120182,
    0.014826783166279563,
    0.013936909795046557,
    0.013954010825113368,
    0.013954108066320407,
    0.013660138447547168,
    0.014321011635852424,
    0.014043598462563209,
    0.01364853694748662,
    0.013763186607468163,
    0.013730115862976212,
    0.013965887124524326,
    0.014160868609316231,
    0.013638191000633949,
    0.014709120652499935,
    0.014055013193314694,
    0.013558082160474244,
    0.013799645678404518,
    0.015422224792387538,
    0.013592585433773795,
    0.013900819326974326,
    0.013314517372998887,
    0.01406624000456587,
    0.013250215872127179,
    0.013797286872923488,
    0.013692369871834573,
    0.01408336293821481,
    0.013765200105734874,
    0.013405827744832463,
    0.013464727935177114,
    0.013747038904929886,
    0.014105522461397561,
    0.013495520019205287,
    0.013448084101656679,
    0.013474713640470008,
    0.013399193916189394,
    0.013468693826989448,
    0.013545180063878483,
    0.01341640207416227
  ]
}