{
  "train_loss": [
    0.028910971453089067,
    0.02258293950731708,
    0.022100825684901793,
    0.021992991968701452,
    0.02205863974553982,
    0.021953743426339704,
    0.021920756988324033,
    0.02186051396118793,
    0.02186500515132853,
    0.021751124812362833,
    0.02182757577211305,
    0.021831139670030097,
    0.02177913223163809,
    0.021748724098012776,
    0.021701286266449772,
    0.021658824046763975,
    0.02167841460096887,
    0.021579296209743654,
    0.021636146107383476,
    0.021542908614719636,
    0.021518708843047664,
    0.021507369203962817,
    0.02148144760046437,
    0.021305153675296295,
    0.02135078206262863,
    0.021261720164641573,
    0.021255625855389683,
    0.021307003540251963,
    0.021191131398888632,
    0.021163822342090757,
    0.021145402381807798,
    0.02111511202357568,
    0.02109217499112544,
    0.02099873456453289,
    0.02096421147604945,
    0.02098709105947429,
    0.02091462852222321,
    0.020881909560869515,
    0.020885968170478008,
    0.020854104661417034,
    0.020744408500039363,
    0.020779020240973167,
    0.020576747989460794,
    0.020680361604237467,
    0.020661426502192624,
    0.020596496587950243,
    0.020513261149686254,
    0.02054914820645146,
    0.020568298571483217,
    0.020462210054626798,
    0.020435271785592183,
    0.02042634745462887
  ],
  "val_loss": [
    0.014130780113093253,
    0.013964252852019854,
    0.013688447954730175,
    0.013787310873413918,
    0.01375206625675059,
    0.014198347304340426,
    0.013804849589399277,
    0.014607032688980177,
    0.014108323662406514,
    0.013587985306666934,
    0.014787843554930421,
    0.013610089805592291,
    0.013570755479736978,
    0.013563661339749405,
    0.013759451991751808,
    0.013788616426142186,
    0.013788332158829025,
    0.013500797887605291,
    0.013413129092982303,
    0.014371897097589681,
    0.013672205894378037,
    0.013472111540559618,
    0.013445140116763886,
    0.013507911026543888,
    0.01355065554053982,
    0.013684297666800007,
    0.013451839380896008,
    0.013455610750817278,
    0.013768445755812462,
    0.013362642275358274,
    0.013319743223955566,
    0.01373220878480965,
    0.013503967256100795,
    0.013422263435985942,
    0.013314039160561791,
    0.013410430827698784,
    0.013303339387479157,
    0.01339220381339908,
    0.013535274018805294,
    0.013477550835297144,
    0.013421910455075998,
    0.013508459586945892,
    0.013476518857469028,
    0.01342538322068002,
    0.013484926493736173,
    0.013564823459435845,
    0.013514475342949358,
    0.013456470564346385,
    0.013407972682241077,
    0.013664563529518264,
    0.013652925634429464,
    0.013519323485820063
  ]
}